{
  "seeds": [
    13,
    42,
    123,
    456,
    789
  ],
  "hyperparameters": {
    "learning_rate": 4.37e-05,
    "epochs": 4,
    "batch_size": 8
  },
  "per_seed": {
    "13": {
      "weighted_f1": 0.7555,
      "macro_f1": 0.7049,
      "weighted_precision": 0.7828,
      "weighted_recall": 0.752,
      "macro_precision": 0.7056,
      "macro_recall": 0.7315,
      "train_time_s": 88.65,
      "inference_time_s": 0.91,
      "per_class": {
        "F": {
          "precision": 0.9761904761904762,
          "recall": 0.803921568627451,
          "f1-score": 0.8817204301075269,
          "support": 51.0
        },
        "LF": {
          "precision": 0.8333333333333334,
          "recall": 0.625,
          "f1-score": 0.7142857142857143,
          "support": 8.0
        },
        "O": {
          "precision": 0.5882352941176471,
          "recall": 0.8333333333333334,
          "f1-score": 0.6896551724137931,
          "support": 12.0
        },
        "Other": {
          "precision": 0.6428571428571429,
          "recall": 0.5294117647058824,
          "f1-score": 0.5806451612903226,
          "support": 17.0
        },
        "PE": {
          "precision": 0.6363636363636364,
          "recall": 0.6363636363636364,
          "f1-score": 0.6363636363636364,
          "support": 11.0
        },
        "SE": {
          "precision": 0.6190476190476191,
          "recall": 1.0,
          "f1-score": 0.7647058823529411,
          "support": 13.0
        },
        "US": {
          "precision": 0.6428571428571429,
          "recall": 0.6923076923076923,
          "f1-score": 0.6666666666666666,
          "support": 13.0
        }
      }
    },
    "42": {
      "weighted_f1": 0.7854,
      "macro_f1": 0.7393,
      "weighted_precision": 0.7963,
      "weighted_recall": 0.784,
      "macro_precision": 0.7459,
      "macro_recall": 0.7456,
      "train_time_s": 87.37,
      "inference_time_s": 0.94,
      "per_class": {
        "F": {
          "precision": 0.9166666666666666,
          "recall": 0.8627450980392157,
          "f1-score": 0.8888888888888888,
          "support": 51.0
        },
        "LF": {
          "precision": 0.6666666666666666,
          "recall": 0.75,
          "f1-score": 0.7058823529411765,
          "support": 8.0
        },
        "O": {
          "precision": 0.8888888888888888,
          "recall": 0.6666666666666666,
          "f1-score": 0.7619047619047619,
          "support": 12.0
        },
        "Other": {
          "precision": 0.65,
          "recall": 0.7647058823529411,
          "f1-score": 0.7027027027027027,
          "support": 17.0
        },
        "PE": {
          "precision": 0.7777777777777778,
          "recall": 0.6363636363636364,
          "f1-score": 0.7,
          "support": 11.0
        },
        "SE": {
          "precision": 0.7058823529411765,
          "recall": 0.9230769230769231,
          "f1-score": 0.8,
          "support": 13.0
        },
        "US": {
          "precision": 0.6153846153846154,
          "recall": 0.6153846153846154,
          "f1-score": 0.6153846153846154,
          "support": 13.0
        }
      }
    },
    "123": {
      "weighted_f1": 0.7903,
      "macro_f1": 0.7521,
      "weighted_precision": 0.8075,
      "weighted_recall": 0.792,
      "macro_precision": 0.7851,
      "macro_recall": 0.7467,
      "train_time_s": 96.39,
      "inference_time_s": 1.01,
      "per_class": {
        "F": {
          "precision": 0.8823529411764706,
          "recall": 0.8823529411764706,
          "f1-score": 0.8823529411764706,
          "support": 51.0
        },
        "LF": {
          "precision": 1.0,
          "recall": 0.75,
          "f1-score": 0.8571428571428571,
          "support": 8.0
        },
        "O": {
          "precision": 0.5625,
          "recall": 0.75,
          "f1-score": 0.6428571428571429,
          "support": 12.0
        },
        "Other": {
          "precision": 0.7,
          "recall": 0.8235294117647058,
          "f1-score": 0.7567567567567568,
          "support": 17.0
        },
        "PE": {
          "precision": 0.6363636363636364,
          "recall": 0.6363636363636364,
          "f1-score": 0.6363636363636364,
          "support": 11.0
        },
        "SE": {
          "precision": 0.8571428571428571,
          "recall": 0.9230769230769231,
          "f1-score": 0.8888888888888888,
          "support": 13.0
        },
        "US": {
          "precision": 0.8571428571428571,
          "recall": 0.46153846153846156,
          "f1-score": 0.6,
          "support": 13.0
        }
      }
    },
    "456": {
      "weighted_f1": 0.7657,
      "macro_f1": 0.7211,
      "weighted_precision": 0.7767,
      "weighted_recall": 0.768,
      "macro_precision": 0.7438,
      "macro_recall": 0.7171,
      "train_time_s": 193.83,
      "inference_time_s": 0.94,
      "per_class": {
        "F": {
          "precision": 0.8653846153846154,
          "recall": 0.8823529411764706,
          "f1-score": 0.8737864077669902,
          "support": 51.0
        },
        "LF": {
          "precision": 0.6666666666666666,
          "recall": 0.75,
          "f1-score": 0.7058823529411765,
          "support": 8.0
        },
        "O": {
          "precision": 0.875,
          "recall": 0.5833333333333334,
          "f1-score": 0.7,
          "support": 12.0
        },
        "Other": {
          "precision": 0.5714285714285714,
          "recall": 0.7058823529411765,
          "f1-score": 0.631578947368421,
          "support": 17.0
        },
        "PE": {
          "precision": 0.7777777777777778,
          "recall": 0.6363636363636364,
          "f1-score": 0.7,
          "support": 11.0
        },
        "SE": {
          "precision": 0.75,
          "recall": 0.9230769230769231,
          "f1-score": 0.8275862068965517,
          "support": 13.0
        },
        "US": {
          "precision": 0.7,
          "recall": 0.5384615384615384,
          "f1-score": 0.6086956521739131,
          "support": 13.0
        }
      }
    },
    "789": {
      "weighted_f1": 0.7661,
      "macro_f1": 0.7146,
      "weighted_precision": 0.7737,
      "weighted_recall": 0.768,
      "macro_precision": 0.7235,
      "macro_recall": 0.7189,
      "train_time_s": 276.27,
      "inference_time_s": 0.95,
      "per_class": {
        "F": {
          "precision": 0.9,
          "recall": 0.8823529411764706,
          "f1-score": 0.8910891089108911,
          "support": 51.0
        },
        "LF": {
          "precision": 0.75,
          "recall": 0.75,
          "f1-score": 0.75,
          "support": 8.0
        },
        "O": {
          "precision": 0.6923076923076923,
          "recall": 0.75,
          "f1-score": 0.72,
          "support": 12.0
        },
        "Other": {
          "precision": 0.6666666666666666,
          "recall": 0.7058823529411765,
          "f1-score": 0.6857142857142857,
          "support": 17.0
        },
        "PE": {
          "precision": 0.7777777777777778,
          "recall": 0.6363636363636364,
          "f1-score": 0.7,
          "support": 11.0
        },
        "SE": {
          "precision": 0.6111111111111112,
          "recall": 0.8461538461538461,
          "f1-score": 0.7096774193548387,
          "support": 13.0
        },
        "US": {
          "precision": 0.6666666666666666,
          "recall": 0.46153846153846156,
          "f1-score": 0.5454545454545454,
          "support": 13.0
        }
      }
    }
  },